,Unnamed: 0,Unnamed: 0.1,Unnamed: 0.1.1,Unnamed: 0.1.1.1,Unnamed: 0.1.1.1.1,Unnamed: 0.1.1.1.1.1,title,paper_file,video_file,subtitle_file,video_url,data_imported
0,0.0,0.0,0.0,0.0,0.0,0.0,"Disseminating Research News in HCI: Perceived Hazards, How-To's, and Opportunities for Innovation",,./video/0.mp4,./__subtitles/0.srt,https://www.youtube.com/watch?v=Ntp3nSUglY0,N
1,1.0,1.0,1.0,1.0,1.0,1.0,On-Face Olfactory Interfaces,,./video/1.mp4,./__subtitles/1.srt,https://www.youtube.com/watch?v=kx5gh5rw39k,N
2,2.0,2.0,2.0,2.0,2.0,2.0,Introducing the Gamer Information-Control Framework: Enabling Access to Digital Games for People ...,,./video/2.mp4,./__subtitles/2.srt,https://www.youtube.com/watch?v=OgDhrKVb7bs,N
3,3.0,3.0,3.0,3.0,3.0,3.0,"Embodied Axes: Tangible, Actuated Interaction for 3D Augmented Reality Data Spaces",,./video/3.mp4,./__subtitles/3.srt,https://www.youtube.com/watch?v=eNCXfhlnW4Y,N
4,4.0,4.0,4.0,4.0,4.0,4.0,Understanding Privacy-Related Questions on Stack Overflow,,./video/4.mp4,./__subtitles/4.srt,https://www.youtube.com/watch?v=l6zXGQGb9ZI,N
5,5.0,5.0,5.0,5.0,5.0,5.0,Haptic-go-round: A Surrounding Platform for Encounter-type Haptics in Virtual Reality Experiences,,./video/5.mp4,./__subtitles/5.srt,https://www.youtube.com/watch?v=u9fnBJT0XlU,N
6,6.0,6.0,6.0,6.0,6.0,6.0,Drone Chi: Somaesthetic Human-Drone Interaction,,./video/6.mp4,./__subtitles/6.srt,https://www.youtube.com/watch?v=ukXf9_ZCNZw,N
7,7.0,7.0,7.0,7.0,7.0,7.0,Dynamics of Aimed Mid-air Movements,,./video/7.mp4,./__subtitles/7.srt,https://www.youtube.com/watch?v=3BpWezJkylg,N
8,8.0,8.0,8.0,8.0,8.0,8.0,Vibrotactile Funneling Illusion and Localization Performance on the Head,,./video/8.mp4,./__subtitles/8.srt,https://www.youtube.com/watch?v=aI6vhgvU0RI,N
9,9.0,9.0,9.0,9.0,9.0,9.0,Design Investigation of Embroidered Interactive Elements on Non-Wearable Textile Interfaces,,./video/9.mp4,./__subtitles/9.srt,https://www.youtube.com/watch?v=R0QvNhWcxX8,N
10,10.0,10.0,10.0,10.0,10.0,10.0,Modeling Organizational Culture with Workplace Experiences Shared on Glassdoor,,./video/10.mp4,./__subtitles/10.srt,https://www.youtube.com/watch?v=P72L7ovx4Sc,N
11,11.0,11.0,11.0,11.0,11.0,11.0,Pedestrian Detection with Wearable Cameras for the Blind: A Two-way Perspective,,./video/11.mp4,./__subtitles/11.srt,https://www.youtube.com/watch?v=0p-kDHmOnTA,N
12,12.0,12.0,12.0,12.0,12.0,12.0,"Understanding Fitness Tracker Users' Security and Privacy Knowledge, Attitudes and Behaviours",,./video/12.mp4,./__subtitles/12.srt,https://www.youtube.com/watch?v=8A-vVeFfHC8,N
13,13.0,13.0,13.0,13.0,13.0,13.0,ThreadSense: Locating Touch on an Extremely Thin Interactive Thread,,./video/13.mp4,./__subtitles/13.srt,https://www.youtube.com/watch?v=u7QxYUMJN_U,N
14,14.0,14.0,14.0,14.0,14.0,14.0,Understanding the Heisenberg Effect of Spatial Interaction: A Selection Induced Error for ...,,./video/14.mp4,./__subtitles/14.srt,https://www.youtube.com/watch?v=Su-od91nx_Y,N
15,15.0,15.0,15.0,15.0,15.0,15.0,Smart Home Beyond the Home: A Case for Community-Based Access Control,,./video/15.mp4,./__subtitles/15.srt,https://www.youtube.com/watch?v=q27QnQ3nGZc,N
16,16.0,16.0,16.0,16.0,16.0,16.0,A Skin-Stroke Display on the Eye-Ring Through Head-Mounted Displays,,./video/16.mp4,./__subtitles/16.srt,https://www.youtube.com/watch?v=xJyrzgNEeiY,N
17,17.0,17.0,17.0,17.0,17.0,17.0,Watch+Strap: Extending Smartwatches with Interactive StrapDisplays,,./video/17.mp4,./__subtitles/17.srt,https://www.youtube.com/watch?v=dHrHe502mqs,N
18,18.0,18.0,18.0,18.0,18.0,18.0,Why Johnny Can't Unsubscribe: Barriers to Stopping Unwanted Email,,./video/18.mp4,./__subtitles/18.srt,https://www.youtube.com/watch?v=IeP_H62QCFo,N
19,19.0,19.0,19.0,19.0,19.0,19.0,Rapid Iron-On User Interfaces: Hands-on Fabrication of Interactive Textile Prototypes,,./video/19.mp4,./__subtitles/19.srt,https://www.youtube.com/watch?v=z7mu6vEBVkk,N
20,20.0,20.0,20.0,20.0,20.0,20.0,Choice-Point: Fostering Awareness and Choice with Perpetrators in Domestic Violence Interventions,,./video/20.mp4,./__subtitles/20.srt,https://www.youtube.com/watch?v=4SKHOu7LZ9s,N
21,21.0,21.0,21.0,21.0,21.0,21.0,Embroidered Resistive Pressure Sensors: A Novel Approach for Textile Interfaces,,./video/21.mp4,./__subtitles/21.srt,https://www.youtube.com/watch?v=ByR_TMYiWgA,N
22,22.0,22.0,22.0,22.0,22.0,22.0,PneuModule: Using Inflatable Pin Arrays for Reconfigurable Physical Controls on ...,,./video/22.mp4,./__subtitles/22.srt,https://www.youtube.com/watch?v=qZtBl4YCNqU,N
23,23.0,23.0,23.0,23.0,23.0,23.0,A View on the Viewer: Gaze-Adaptive Captions for Videos,,./video/23.mp4,./__subtitles/23.srt,https://www.youtube.com/watch?v=fAkuQVjfYUU,N
24,24.0,24.0,24.0,24.0,24.0,24.0,"Callisto: Capturing the ""Why"" by Connecting Conversations with Computational Narratives",,./video/24.mp4,./__subtitles/24.srt,https://www.youtube.com/watch?v=bOKEzBGlXJI,N
25,25.0,25.0,25.0,25.0,25.0,25.0,Tempura: Query Analysis with Structural Templates,,./video/25.mp4,./__subtitles/25.srt,https://www.youtube.com/watch?v=S4HMIwkO8h4,N
26,26.0,26.0,26.0,26.0,26.0,26.0,Transparency of CHI Research Artifacts: Results of a Self-Reported Survey,,./video/26.mp4,./__subtitles/26.srt,https://www.youtube.com/watch?v=q4ms9Ea19WI,N
27,27.0,27.0,27.0,27.0,27.0,27.0,Levitation Simulator: Prototyping Ultrasonic Levitation Interfaces in Virtual Reality,,./video/27.mp4,./__subtitles/27.srt,https://www.youtube.com/watch?v=X3DuA88IFcs,N
28,28.0,28.0,28.0,28.0,28.0,28.0,GoTree: A Grammar of Tree Visualizations,,./video/28.mp4,./__subtitles/28.srt,https://www.youtube.com/watch?v=L9A-V6OZM0Q,N
29,29.0,29.0,29.0,29.0,29.0,,2Across: A Comparison of Audio-Tactile and Screen-Reader based Representations of a Crossword Puzzle,,./video/29.mp4,./__subtitles/29.srt,https://www.youtube.com/watch?v=bsfUaVh5UUQ,N
30,30.0,30.0,30.0,30.0,30.0,,Investigating the Necessity of Delay in Marking Menu Invocation,,./video/30.mp4,./__subtitles/30.srt,https://www.youtube.com/watch?v=MDyfdOJwvr4,N
31,31.0,31.0,31.0,31.0,31.0,,"Race Yourselves: A Longitudinal Exploration of Self-Competition Between Past, Present, and ...",,./video/31.mp4,./__subtitles/31.srt,https://www.youtube.com/watch?v=SrhOT5TPMGs,N
32,32.0,32.0,32.0,32.0,32.0,,Investigating Representation of Text and Audio in Educational VR using Learning Outcomes and EEG,,./video/32.mp4,./__subtitles/32.srt,https://www.youtube.com/watch?v=rHOczdKdsTs,N
33,33.0,33.0,33.0,33.0,33.0,,Too Hot to Handle: An Evaluation of the Effect of Thermal Visual Representation on User Grasping ...,,./video/33.mp4,./__subtitles/33.srt,https://www.youtube.com/watch?v=06mJaNIJlds,N
34,34.0,34.0,34.0,34.0,34.0,,Enemy Within: Long-term Motivation Effects of Deep Player Behavior Models for Dynamic Difficulty ...,,./video/34.mp4,./__subtitles/34.srt,https://www.youtube.com/watch?v=oQsCvDKi0hw,N
35,35.0,35.0,35.0,35.0,35.0,,Outline Pursuits: Gaze-assisted Selection of Occluded Objects in Virtual Reality,,./video/35.mp4,./__subtitles/35.srt,https://www.youtube.com/watch?v=wCAl6WEhaS0,N
36,36.0,36.0,36.0,36.0,36.0,,"Defining Haptic Experience: Foundations for Understanding, Communicating, and Evaluating HX",,./video/36.mp4,./__subtitles/36.srt,https://www.youtube.com/watch?v=z3ZoaGih0JE,N
37,37.0,37.0,37.0,37.0,37.0,,RunAhead: Exploring Head Scanning based Navigation for Runners,,./video/37.mp4,./__subtitles/37.srt,https://www.youtube.com/watch?v=HNlqwn7lF2Y,N
38,38.0,38.0,38.0,38.0,38.0,,Optimal Sensor Position for a Computer Mouse,,./video/38.mp4,./__subtitles/38.srt,https://www.youtube.com/watch?v=tKaiGfQ-aJ8,N
39,39.0,39.0,39.0,39.0,39.0,,Pronto: Rapid Augmented Reality Video Prototyping Using Sketches and Enaction,,./video/39.mp4,./__subtitles/39.srt,https://www.youtube.com/watch?v=1PcEXTpR8As,N
40,40.0,40.0,40.0,40.0,40.0,,Acoustic Transparency and the Changing Soundscape of Auditory Mixed Reality,,./video/40.mp4,./__subtitles/40.srt,https://www.youtube.com/watch?v=c8ricWLmiQY,N
41,41.0,41.0,41.0,41.0,41.0,,Robustness of Eye Movement Biometrics Against Varying Stimuli and Varying Trajectory Length,,./video/41.mp4,./__subtitles/41.srt,https://www.youtube.com/watch?v=kfpr4Va2iLY,N
42,42.0,42.0,42.0,42.0,42.0,,"Evaluating a Personalizable, Inconspicuous Vibrotactile(PIV) Breathing Pacer for In-the-Moment ...",,./video/42.mp4,./__subtitles/42.srt,https://www.youtube.com/watch?v=UZm_BSc260k,N
43,43.0,43.0,43.0,43.0,43.0,,We are the Greatest Showmen: Configuring a Framework for Project-Based Mobile Learning,,./video/43.mp4,./__subtitles/43.srt,https://www.youtube.com/watch?v=x1CJev-gHS8,N
44,44.0,44.0,44.0,44.0,44.0,,Decoding Intent With Control Theory: Comparing Muscle Versus Manual Interface Performance,,./video/44.mp4,./__subtitles/44.srt,https://www.youtube.com/watch?v=KU7c6DjAUuQ,N
45,45.0,45.0,45.0,45.0,45.0,,Supporting Self-Regulation of Children with ADHD Using Wearables: Tensions and Design Challenges,,./video/45.mp4,./__subtitles/45.srt,https://www.youtube.com/watch?v=d0UAgPj8cMM,N
46,46.0,46.0,46.0,46.0,46.0,,Craftspeople as Technical Collaborators: Lessons Learned through an Experimental Weaving Residency,,./video/46.mp4,./__subtitles/46.srt,https://www.youtube.com/watch?v=LLDcjMfRJAk,N
47,47.0,47.0,47.0,47.0,47.0,,Retroactive Transfer Phenomena in Alternating User Interfaces,,./video/47.mp4,./__subtitles/47.srt,https://www.youtube.com/watch?v=n4pobBeNogE,N
48,48.0,48.0,48.0,48.0,48.0,,Multimodal Gaze Interaction for Creative Design,,./video/48.mp4,./__subtitles/48.srt,https://www.youtube.com/watch?v=cvYwWsrhLmY,N
49,49.0,49.0,49.0,49.0,49.0,,MagTouch: Robust Finger Identification for a Smartwatch Using a Magnet Ring and a Built-in ...,,./video/49.mp4,./__subtitles/49.srt,https://www.youtube.com/watch?v=hLKTkdyygHs,N
50,50.0,50.0,50.0,50.0,50.0,,Exploring the Effects of Technological Writing Assistance for Support Providers in Online Mental ...,,./video/50.mp4,./__subtitles/50.srt,https://www.youtube.com/watch?v=j6fKnsOZqUI,N
51,51.0,51.0,51.0,51.0,51.0,,Genie in the Bottle: Anthropomorphized Perceptions of Conversational Agents,,./video/51.mp4,./__subtitles/51.srt,https://www.youtube.com/watch?v=3mE1qFo5Tn8,N
52,52.0,52.0,52.0,52.0,52.0,,"""I'm hoping they're an ethical company that won't do anything that I'll regret"": Users ...",,./video/52.mp4,./__subtitles/52.srt,https://www.youtube.com/watch?v=H2h2Jcz-k00,N
53,53.0,53.0,53.0,53.0,53.0,,IoT Data in the Home: Observing Entanglements and Drawing New Encounters,,./video/53.mp4,./__subtitles/53.srt,https://www.youtube.com/watch?v=Xd5ghV0M_24,N
54,54.0,54.0,54.0,54.0,54.0,,Vipo: Spatial-Visual Programming with Functions for Robot-IoT Workflows,,./video/54.mp4,./__subtitles/54.srt,https://www.youtube.com/watch?v=Aa_3we-GNIc,N
55,55.0,55.0,55.0,55.0,55.0,,MRAT: The Mixed Reality Analytics Toolkit,,./video/55.mp4,./__subtitles/55.srt,https://www.youtube.com/watch?v=B5ycLM7Gt00,N
56,56.0,56.0,56.0,56.0,56.0,,Pac-Euglena: A Living Cellular Pac-Man Meets Virtual Ghosts,,./video/56.mp4,./__subtitles/56.srt,https://www.youtube.com/watch?v=w5eqlJZCsWc,N
57,57.0,57.0,57.0,57.0,57.0,,Why do people watch others eat food? An Empirical Study on the Motivations and Practices of ...,,./video/57.mp4,./__subtitles/57.srt,https://www.youtube.com/watch?v=Dkp8A_em90M,N
58,58.0,58.0,58.0,58.0,58.0,,C-Space: An Interactive Prototyping Platform for Collaborative Spatial Design Exploration,,./video/58.mp4,./__subtitles/58.srt,https://www.youtube.com/watch?v=MVcmPj7TtQY,N
59,59.0,59.0,59.0,59.0,59.0,,Proxemics Beyond Proximity: Designing for Flexible Social Interaction Through Cross-Device ...,,./video/59.mp4,./__subtitles/59.srt,https://www.youtube.com/watch?v=5fUIo9sGNgA,N
60,60.0,60.0,60.0,60.0,60.0,,MicroMentor: Peer-to-Peer Software Help Sessions in Three Minutes or Less,,./video/60.mp4,./__subtitles/60.srt,https://www.youtube.com/watch?v=uTWohXZmoX0,N
61,61.0,61.0,61.0,61.0,61.0,,CreaTable Content and Tangible Interaction in Aphasia,,./video/61.mp4,./__subtitles/61.srt,https://www.youtube.com/watch?v=y2cF6wiJXWk,N
62,62.0,62.0,62.0,62.0,62.0,,KirigamiTable: Designing for Proxemic Transitions with a Shape-Changing Tabletop,,./video/62.mp4,./__subtitles/62.srt,https://www.youtube.com/watch?v=6Mc6JpDAIBQ,N
63,63.0,63.0,63.0,63.0,63.0,,Towards an Understanding of Augmented Reality Extensions for Existing 3D Data Analysis Tools,,./video/63.mp4,./__subtitles/63.srt,https://www.youtube.com/watch?v=lVwsgZRZyWk,N
64,64.0,64.0,64.0,64.0,64.0,,"Designing and Evaluating 'In the Same Boat', A Game of Embodied Synchronization for Enhancing ...",,./video/64.mp4,./__subtitles/64.srt,https://www.youtube.com/watch?v=y3Yno8w0BWc,N
65,65.0,65.0,65.0,65.0,65.0,,Interspecies Interactions Mediated by Technology: An Avian Case Study at the Zoo,,./video/65.mp4,./__subtitles/65.srt,https://www.youtube.com/watch?v=TobTSTBQWi4,N
66,66.0,66.0,66.0,66.0,66.0,,On Conducting Security Developer Studies with CS Students: Examining a Password-Storage Study ...,,./video/66.mp4,./__subtitles/66.srt,https://www.youtube.com/watch?v=ALGSldPFB7M,N
67,67.0,67.0,67.0,67.0,67.0,,Interactive Multisensory Environments for Primary School Children,,./video/67.mp4,./__subtitles/67.srt,https://www.youtube.com/watch?v=UIKvrBLjZ_g,N
68,68.0,68.0,68.0,68.0,68.0,,Addressing Cognitive and Emotional Barriers in Parent-Clinician Communication through Behavioral ...,,./video/68.mp4,./__subtitles/68.srt,https://www.youtube.com/watch?v=pGUSKKCenXU,N
69,69.0,69.0,69.0,69.0,69.0,,Emergent Self-Regulation Practices in Technology and Social Media Use of Individuals Living with ...,,./video/69.mp4,./__subtitles/69.srt,https://www.youtube.com/watch?v=KaaQaHoU63k,N
70,70.0,70.0,70.0,70.0,70.0,,Investigating User-Created Gamification in an Image Tagging Task,,./video/70.mp4,./__subtitles/70.srt,https://www.youtube.com/watch?v=onPYGiGVw8s,N
71,71.0,71.0,71.0,71.0,71.0,,Informing the Design of Privacy-Empowering Tools for the Connected Home,,./video/71.mp4,./__subtitles/71.srt,https://www.youtube.com/watch?v=An72QTsh210,N
72,72.0,72.0,72.0,72.0,72.0,,Towards an AI-powered Future that Works for Vocational Workers,,./video/72.mp4,./__subtitles/72.srt,https://www.youtube.com/watch?v=AEp9xAaygFc,N
73,73.0,73.0,73.0,73.0,73.0,,Teenage Visitor Experience: Classification of Behavioral Dynamics in Museums,,./video/73.mp4,./__subtitles/73.srt,https://www.youtube.com/watch?v=Gv_lGehFEEo,N
74,74.0,74.0,74.0,74.0,74.0,,Autocomplete Element Fields,,./video/74.mp4,./__subtitles/74.srt,https://www.youtube.com/watch?v=4QYbCruIEgk,N
75,75.0,75.0,75.0,75.0,75.0,,Walk The Line: Leveraging Lateral Shifts of the Walking Path as an Input Modality for ...,,./video/75.mp4,./__subtitles/75.srt,https://www.youtube.com/watch?v=uQ5w3Wvrb3w,N
76,76.0,76.0,76.0,76.0,76.0,,How We Type: Eye and Finger Movement Strategies in Mobile Typing,,./video/76.mp4,./__subtitles/76.srt,https://www.youtube.com/watch?v=PTwdFwfVGC8,N
77,77.0,77.0,77.0,77.0,77.0,,Positive Feedback and Self-Reflection: Features to Support Self-efficacy among Underrepresented ...,,./video/77.mp4,./__subtitles/77.srt,https://www.youtube.com/watch?v=mYu-UHOOQt4,N
78,78.0,78.0,78.0,78.0,78.0,,BodyLights: Open-Ended Augmented Feedback to Support Training Towards a Correct Exercise Execution,,./video/78.mp4,./__subtitles/78.srt,https://www.youtube.com/watch?v=GtEDA4smIfU,N
79,79.0,79.0,79.0,79.0,79.0,,Me vs. Super(wo)man: Effects of Customization and Identification in a VR Exergame,,./video/79.mp4,./__subtitles/79.srt,https://www.youtube.com/watch?v=P7sq-sL0DJA,N
80,80.0,80.0,80.0,80.0,80.0,,Exploring Visual Information Flows in Infographics,,./video/80.mp4,./__subtitles/80.srt,https://www.youtube.com/watch?v=IuK0XVBlCPU,N
81,81.0,81.0,81.0,81.0,81.0,,MoveVR: Enabling Multiform Force Feedback in Virtual Reality using Household Cleaning Robot,,./video/81.mp4,./__subtitles/81.srt,https://www.youtube.com/watch?v=DxwJ1zTJWJg,N
82,82.0,82.0,82.0,82.0,82.0,,"Exploring the Quality, Efficiency, and Representative Nature of Responses Across Multiple Survey ...",,./video/82.mp4,./__subtitles/82.srt,https://www.youtube.com/watch?v=u-wGSqKhSD0,N
83,83.0,83.0,83.0,83.0,83.0,,What HCI Can Learn from ASMR: Becoming Enchanted with the Mundane,,./video/83.mp4,./__subtitles/83.srt,https://www.youtube.com/watch?v=KwO1WsZENa4,N
84,84.0,84.0,84.0,84.0,84.0,,AL: An Adaptive Learning Support System for Argumentation Skills,,./video/84.mp4,./__subtitles/84.srt,https://www.youtube.com/watch?v=w-5QrS1rR54,N
85,85.0,85.0,85.0,85.0,85.0,,Alexa as Coach: Leveraging Smart Speakers to Build Social Agents that Reduce Public Speaking Anxiety,,./video/85.mp4,./__subtitles/85.srt,https://www.youtube.com/watch?v=Fxn4klhCW5k,N
86,86.0,86.0,86.0,86.0,86.0,,"The Social Network: How People with Visual Impairment use Mobile Phones in Kibera, Kenya",,./video/86.mp4,./__subtitles/86.srt,https://www.youtube.com/watch?v=RR5jEyxI4pE,N
87,87.0,87.0,87.0,87.0,87.0,,GRIDS: Interactive Layout Design with Integer Programming,,./video/87.mp4,./__subtitles/87.srt,https://www.youtube.com/watch?v=GIWp8kiEkxg,N
88,88.0,88.0,88.0,88.0,88.0,,Brooke Leave Home: Designing a Personalized Film to Support Public Engagement with Open Data,,./video/88.mp4,./__subtitles/88.srt,https://www.youtube.com/watch?v=cHt7zL0kQAA,N
89,89.0,89.0,89.0,89.0,89.0,,"Designing and Evaluating Calmer, a Device for Simulating Maternal Skin-to-Skin Holding for ...",,./video/89.mp4,./__subtitles/89.srt,https://www.youtube.com/watch?v=CluRcCnLiaw,N
90,90.0,90.0,90.0,90.0,90.0,,Collaborative Writing Across Multiple Artifact Ecologies,,./video/90.mp4,./__subtitles/90.srt,https://www.youtube.com/watch?v=26CGsTmySao,N
91,91.0,91.0,91.0,91.0,91.0,,Classification of Functional Attention in Video Meetings,,./video/91.mp4,./__subtitles/91.srt,https://www.youtube.com/watch?v=l5FZqcj8cio,N
92,92.0,92.0,92.0,92.0,92.0,,Temporal Segmentation of Creative Live Streams,,./video/92.mp4,./__subtitles/92.srt,https://www.youtube.com/watch?v=Dn7dygKqvxI,N
93,93.0,93.0,93.0,93.0,93.0,,ElastOscillation: 3D Multilevel Force Feedback for Damped Oscillation on VR Controllers,,./video/93.mp4,./__subtitles/93.srt,https://www.youtube.com/watch?v=Za-yDqn1tgc,N
94,94.0,94.0,94.0,94.0,94.0,,Neo-Noumena: Augmenting Emotion Communication,,./video/94.mp4,./__subtitles/94.srt,https://www.youtube.com/watch?v=vQ7sFeBwRl8,N
95,95.0,95.0,95.0,95.0,95.0,,The Next Generation of Human-Drone Partnerships: Co-Designing an Emergency Response System,,./video/95.mp4,./__subtitles/95.srt,https://www.youtube.com/watch?v=SCMiSvvqCKs,N
96,96.0,96.0,96.0,96.0,96.0,,MaraVis: Representation and Coordinated Intervention of Medical Encounters in Urban Marathon,,./video/96.mp4,./__subtitles/96.srt,https://www.youtube.com/watch?v=Ertr4q_nydc,N
97,97.0,97.0,97.0,97.0,97.0,,A Human-Centered Review of Algorithms used within the U.S. Child Welfare System,,./video/97.mp4,./__subtitles/97.srt,https://www.youtube.com/watch?v=1QMfEyzOd48,N
98,98.0,98.0,98.0,98.0,98.0,,An Interaction Design for Machine Teaching to Develop AI Tutors,,./video/98.mp4,./__subtitles/98.srt,https://www.youtube.com/watch?v=2_CgZl5-jEw,N
99,99.0,99.0,99.0,99.0,99.0,,"Embedding a VR Game Studio in a Sedentary Workplace: Use, Experience and Exercise Benefits",,./video/99.mp4,./__subtitles/99.srt,https://www.youtube.com/watch?v=0vA70NAF7ow,N
100,100.0,100.0,100.0,100.0,100.0,,Button Simulation and Design via FDVV Models,,./video/100.mp4,./__subtitles/100.srt,https://www.youtube.com/watch?v=v9p-yCNbxzw,N
101,101.0,101.0,101.0,101.0,101.0,,On Being Iterated: The Affective Demands of Design Participation,,./video/101.mp4,./__subtitles/101.srt,https://www.youtube.com/watch?v=ulyOG08o6i8,N
102,102.0,102.0,102.0,102.0,102.0,,Fake News on Facebook and Twitter: Investigating How People (Don't) Investigate,,./video/102.mp4,./__subtitles/102.srt,https://www.youtube.com/watch?v=GVgyhibIBrw,N
103,103.0,103.0,103.0,103.0,103.0,,Reframing Disability as Competency: Unpacking Everyday Technology Practices of People with ...,,./video/103.mp4,./__subtitles/103.srt,https://www.youtube.com/watch?v=-Pk3MzIe9NM,N
104,104.0,104.0,104.0,104.0,104.0,,Effects of Credibility Indicators on Social Media News Sharing Intent,,./video/104.mp4,./__subtitles/104.srt,https://www.youtube.com/watch?v=HRkZUveGJyM,N
105,105.0,105.0,105.0,105.0,105.0,,"""All in the Same Boat"": Tradeoffs of Voice Assistant Ownership for Mixed-Visual-Ability Families",,./video/105.mp4,./__subtitles/105.srt,https://www.youtube.com/watch?v=P9sYS793AJ8,N
106,106.0,106.0,106.0,106.0,106.0,,Review of Quantitative Empirical Evaluations of Technology for People with Visual Impairments,,./video/106.mp4,./__subtitles/106.srt,https://www.youtube.com/watch?v=ep7hckd80-U,N
107,107.0,107.0,107.0,107.0,107.0,,"Getting the Healthcare We Want: The Use of Online ""Ask the Doctor"" Platforms in Practice",,./video/107.mp4,./__subtitles/107.srt,https://www.youtube.com/watch?v=f42j8wJratU,N
108,108.0,108.0,108.0,108.0,108.0,,"CARoma Therapy: Pleasant Scents Promote Safer Driving, Better Mood, and Improved Well-Being in ...",,./video/108.mp4,./__subtitles/108.srt,https://www.youtube.com/watch?v=5pyuo57qcoo,N
109,109.0,109.0,109.0,109.0,109.0,,"'Lime', 'Open Lock', and 'Blocked': Children's Perception of Colors, Symbols, and Words in ...",,./video/109.mp4,./__subtitles/109.srt,https://www.youtube.com/watch?v=IouQ2GNhPYQ,N
110,110.0,110.0,110.0,110.0,110.0,,ScreenTrack: Using a Visual History of a Computer Screen to Retrieve Documents and Web Pages,,./video/110.mp4,./__subtitles/110.srt,https://www.youtube.com/watch?v=E97eCIbg4L0,N
111,111.0,111.0,111.0,111.0,111.0,,"PV-Tiles: Towards Closely-Coupled Photovoltaic and Digital Materials for Useful, Beautiful and ...",,./video/111.mp4,./__subtitles/111.srt,https://www.youtube.com/watch?v=_IiksKo6UKc,N
112,112.0,112.0,112.0,112.0,112.0,,Designing Games for Healthy Sleep,,./video/112.mp4,./__subtitles/112.srt,https://www.youtube.com/watch?v=njf9R7fZ-HQ,N
113,113.0,113.0,113.0,113.0,113.0,,"In-game and Out-of-game Social Anxiety Influences Player Motivations, Activities, and ...",,./video/113.mp4,./__subtitles/113.srt,https://www.youtube.com/watch?v=ftklxcLtTLQ,N
114,114.0,114.0,114.0,114.0,114.0,,Heartbeats in the Wild: A Field Study Exploring ECG Biometrics in Everyday Life,,./video/114.mp4,./__subtitles/114.srt,https://www.youtube.com/watch?v=p3lLY-d0nhY,N
115,115.0,115.0,115.0,115.0,115.0,,Building and Validating a Scale for Secure Software Development Self-Efficacy,,./video/115.mp4,./__subtitles/115.srt,https://www.youtube.com/watch?v=fCWA7Iebx3A,N
116,116.0,116.0,116.0,116.0,116.0,,Towards A Design For Life: Redesigning For Reminiscence With Looked After Children,,./video/116.mp4,./__subtitles/116.srt,https://www.youtube.com/watch?v=jo-k5CQDs34,N
117,117.0,117.0,117.0,117.0,117.0,,From Biodata to Somadata,,./video/117.mp4,./__subtitles/117.srt,https://www.youtube.com/watch?v=3S-_CyO7kAw,N
118,118.0,118.0,118.0,118.0,118.0,,QMaps: Engaging Students in Voluntary Question Generation and Linking,,./video/118.mp4,./__subtitles/118.srt,https://www.youtube.com/watch?v=MbWhO9hFFZU,N
119,119.0,119.0,119.0,119.0,119.0,,EmoG: Supporting the Sketching of Emotional Expressions for Storyboarding,,./video/119.mp4,./__subtitles/119.srt,https://www.youtube.com/watch?v=47S6kfbdags,N
120,120.0,120.0,120.0,120.0,120.0,,Music Creation by Example,,./video/120.mp4,./__subtitles/120.srt,https://www.youtube.com/watch?v=0zEo7nZSoKQ,N
121,121.0,121.0,121.0,121.0,121.0,,Crafting Critical Heritage Discourses into Interactive Exhibition Design,,./video/121.mp4,./__subtitles/121.srt,https://www.youtube.com/watch?v=pHHvDJNaVEE,N
122,122.0,122.0,122.0,122.0,122.0,,"""No powers, man!"": A Student Perspective on Designing University Smart Building Interactions",,./video/122.mp4,./__subtitles/122.srt,https://www.youtube.com/watch?v=zGoTqYBjcW0,N
123,123.0,123.0,123.0,123.0,123.0,,"""Why is 'Chicago' deceptive?"" Towards Building Model-Driven Tutorials for Humans",,./video/123.mp4,./__subtitles/123.srt,https://www.youtube.com/watch?v=OyJW3XE-cNQ,N
124,124.0,124.0,124.0,124.0,124.0,,Virtual Reality Without Vision: A Haptic and Auditory White Cane to Navigate Complex Virtual Worlds,,./video/124.mp4,./__subtitles/124.srt,https://www.youtube.com/watch?v=Sb6XfoWXZ2w,N
125,125.0,125.0,125.0,125.0,,,"Patriarchy, Maternal Health and Spiritual Healing: Designing Maternal Health Interventions in ...",,./video/125.mp4,./__subtitles/125.srt,https://www.youtube.com/watch?v=-azQmEPpXa0,N
126,126.0,126.0,126.0,126.0,,,Soundr: Head Position and Orientation Prediction Using a Microphone Array,,./video/126.mp4,./__subtitles/126.srt,https://www.youtube.com/watch?v=qe7NlrXko0I,N
127,127.0,127.0,127.0,127.0,,,BrailleBlocks: Computational Braille Toys for Collaborative Learning,,./video/127.mp4,./__subtitles/127.srt,https://www.youtube.com/watch?v=eAPHL2NUTDQ,N
128,128.0,128.0,128.0,128.0,,,"Design Study ""Lite"" Methodology: Expediting Design Studies and Enabling the Synergy of ...",,./video/128.mp4,./__subtitles/128.srt,https://www.youtube.com/watch?v=ZbfpJikhvRc,N
129,129.0,129.0,129.0,129.0,,,Augmented Reality Training for Industrial Assembly Work - Are Projection-based AR Assistive ...,,./video/129.mp4,./__subtitles/129.srt,https://www.youtube.com/watch?v=NHdh0UPFnAQ,N
130,130.0,130.0,130.0,130.0,,,Automatic Annotation Synchronizing with Textual Description for Visualization,,./video/130.mp4,./__subtitles/130.srt,https://www.youtube.com/watch?v=c6rckAUPTTs,N
131,131.0,131.0,131.0,131.0,,,Circle of Trust: A New Approach to Mobile Online Safety for Families,,./video/131.mp4,./__subtitles/131.srt,https://www.youtube.com/watch?v=w1oefcYqgeY,N
132,132.0,132.0,132.0,132.0,,,The Influence of Decaying the Representation of Older Social Media Content on Simulated Hiring ...,,./video/132.mp4,./__subtitles/132.srt,https://www.youtube.com/watch?v=IEU1LlrIQ4U,N
133,133.0,133.0,133.0,133.0,,,Unfabricate: Designing Smart Textiles for Disassembly,,./video/133.mp4,./__subtitles/133.srt,https://www.youtube.com/watch?v=dXxx9KNY7II,N
134,134.0,134.0,134.0,134.0,,,TangibleCircuits: An Interactive 3D Printed Circuit Education Tool for People with Visual ...,,./video/134.mp4,./__subtitles/134.srt,https://www.youtube.com/watch?v=-NQU3PhGJZM,N
135,135.0,135.0,135.0,135.0,,,Will the Crowd Game the Algorithm?: Using Layperson Judgments to Combat Misinformation on Social ...,,./video/135.mp4,./__subtitles/135.srt,https://www.youtube.com/watch?v=WK_a3SMUaD8,N
136,136.0,136.0,136.0,136.0,,,Utilizing VR and Gaze Tracking to Develop AR Solutions for Industrial Maintenance,,./video/136.mp4,./__subtitles/136.srt,https://www.youtube.com/watch?v=wlgAIKjUZrE,N
137,137.0,137.0,137.0,137.0,,,Support Strategies for Remote Guides in Assisting People with Visual Impairments for Effective ...,,./video/137.mp4,./__subtitles/137.srt,https://www.youtube.com/watch?v=RSmKWCsYN0w,N
138,138.0,138.0,138.0,138.0,,,Textlets: Supporting Constraints and Consistency in Text Documents,,./video/138.mp4,./__subtitles/138.srt,https://www.youtube.com/watch?v=9domWwtO21A,N
139,139.0,139.0,139.0,139.0,,,"E-Textile Microinteractions: Augmenting Twist with Flick, Slide and Grasp Gestures for Soft ...",,./video/139.mp4,./__subtitles/139.srt,https://www.youtube.com/watch?v=KHKkrc3a7Sg,N
140,140.0,140.0,140.0,140.0,,,Understanding Older Adults' Participation in Design Workshops,,./video/140.mp4,./__subtitles/140.srt,https://www.youtube.com/watch?v=bEr9w8Lk-_c,N
141,141.0,141.0,141.0,141.0,,,A Postmortem on Playtesting: Exploring the Impact of Playtesting on the Critical Reception of ...,,./video/141.mp4,./__subtitles/141.srt,https://www.youtube.com/watch?v=4_0J3o0jHFw,N
142,142.0,142.0,142.0,142.0,,,How Points and Theme Affect Performance and Experience in a Gamified Cognitive Task,,./video/142.mp4,./__subtitles/142.srt,https://www.youtube.com/watch?v=LkZjjFEmmgw,N
143,143.0,143.0,143.0,143.0,,,,,,,,
144,144.0,144.0,144.0,,,,Mental Models of AI Agents in a Cooperative Game Setting,,./video/144.mp4,./__subtitles/144.srt,https://www.youtube.com/watch?v=GvxrxBlCpEM,N
145,145.0,145.0,145.0,,,,Body Follows Eye: Unobtrusive Posture Manipulation Through a Dynamic Content Position in Virtual ...,,./video/145.mp4,./__subtitles/145.srt,https://www.youtube.com/watch?v=do4IDXF7MWQ,N
146,146.0,146.0,146.0,,,,Fairness and Decision-making in Collaborative Shift Scheduling Systems,,./video/146.mp4,./__subtitles/146.srt,https://www.youtube.com/watch?v=ml-J5t99TkA,N
147,147.0,147.0,147.0,,,,G-ID: Identifying 3D Prints Using Slicing Parameters,,./video/147.mp4,./__subtitles/147.srt,https://www.youtube.com/watch?v=rJT013bvvSw,N
148,148.0,148.0,148.0,,,,Personal Space in Play: Physical and Digital Boundaries in Large-Display Cooperative and ...,,./video/148.mp4,./__subtitles/148.srt,https://www.youtube.com/watch?v=NNdc6B7KAb8,N
149,149.0,149.0,149.0,,,,Do You Feel Like Passing Through Walls?: Effect of Self-Avatar Appearance on Facilitating ...,,./video/149.mp4,./__subtitles/149.srt,https://www.youtube.com/watch?v=O3E1tgdHQ6U,N
150,150.0,150.0,150.0,,,,Trigeminal-based Temperature Illusions,,./video/150.mp4,./__subtitles/150.srt,https://www.youtube.com/watch?v=5adl0DeCi3M,N
151,151.0,151.0,151.0,,,,Techniques for Flexible Responsive Visualization Design,,./video/151.mp4,./__subtitles/151.srt,https://www.youtube.com/watch?v=EcqJxoK0nng,N
152,152.0,152.0,152.0,,,,"Senorita: A Chorded Keyboard for Sighted, Low Vision, and Blind Mobile Users",,./video/152.mp4,./__subtitles/152.srt,https://www.youtube.com/watch?v=RNU5Hn6skoc,N
153,153.0,153.0,153.0,,,,Informing the Design of a Personalized Privacy Assistant for the Internet of Things,,./video/153.mp4,./__subtitles/153.srt,https://www.youtube.com/watch?v=t2xF7tq15bU,N
154,154.0,154.0,154.0,,,,The DELAY Framework: Designing for Extended LAtencY,,./video/154.mp4,./__subtitles/154.srt,https://www.youtube.com/watch?v=I4O1XPLjcBU,N
155,155.0,155.0,155.0,,,,Improving Crowd-Supported GUI Testing with Structural Guidance,,./video/155.mp4,./__subtitles/155.srt,https://www.youtube.com/watch?v=SkGDyA7_U8w,N
156,156.0,156.0,156.0,,,,Understanding what you feel: A Mobile Audio-Tactile System for Graphics Used at Schools with ...,,./video/156.mp4,./__subtitles/156.srt,https://www.youtube.com/watch?v=5szASUmEdY4,N
157,157.0,157.0,157.0,,,,Will Deleting History Make Alexa More Trustworthy?: Effects of Privacy and Content Customization ...,,./video/157.mp4,./__subtitles/157.srt,https://www.youtube.com/watch?v=YZRqNeWIAGg,N
158,158.0,158.0,158.0,,,,I am Not an Object: Reframing 3D Body Scanning for Co-Design,,./video/158.mp4,./__subtitles/158.srt,https://www.youtube.com/watch?v=84dqGyC9EL0,N
159,159.0,159.0,159.0,,,,Touché: Data-Driven Interactive Sword Fighting in Virtual Reality,,./video/159.mp4,./__subtitles/159.srt,https://www.youtube.com/watch?v=QY0Rae0S4do,N
160,160.0,160.0,160.0,,,,'I Just Want to Hack Myself to Not Get Distracted': Evaluating Design Interventions for ...,,./video/160.mp4,./__subtitles/160.srt,https://www.youtube.com/watch?v=rC1Fy0UwpnU,N
161,161.0,161.0,161.0,,,,Adaptive Photographic Composition Guidance,,./video/161.mp4,./__subtitles/161.srt,https://www.youtube.com/watch?v=mnmHnWuP9Mo,N
162,162.0,162.0,162.0,,,,How Mandatory Second Factor Affects the Authentication User Experience,,./video/162.mp4,./__subtitles/162.srt,https://www.youtube.com/watch?v=gNJwPoSLVVw,N
163,163.0,163.0,163.0,,,,"Explore, Create, Annotate: Designing Digital Drawing Tools with Visually Impaired People",,./video/163.mp4,./__subtitles/163.srt,https://www.youtube.com/watch?v=J2cG7DOqOz4,N
164,164.0,164.0,164.0,,,,"Tactile Presentation of Network Data: Text, Matrix or Diagram?",,./video/164.mp4,./__subtitles/164.srt,https://www.youtube.com/watch?v=rML768KNQtA,N
165,165.0,165.0,165.0,,,,Designing for Employee Voice,,./video/165.mp4,./__subtitles/165.srt,https://www.youtube.com/watch?v=6s0IQ-TDKRM,N
166,166.0,166.0,166.0,,,,Improving Worker Engagement Through Conversational Microtask Crowdsourcing,,./video/166.mp4,./__subtitles/166.srt,https://www.youtube.com/watch?v=ORTDH8uI2gA,N
167,167.0,167.0,167.0,,,,What is AI Literacy? Competencies and Design Considerations,,./video/167.mp4,./__subtitles/167.srt,https://www.youtube.com/watch?v=udhSv1aihdM,N
168,168.0,168.0,168.0,,,,Mix&Match: Towards Omitting Modelling Through In-situ Remixing of Model Repository Artifacts in ...,,./video/168.mp4,./__subtitles/168.srt,https://www.youtube.com/watch?v=hQD1MOnELDI,N
169,169.0,169.0,169.0,,,,"""It's in my other hand!"" – Studying the Interplay of Interaction Techniques and Multi-Tablet ...",,./video/169.mp4,./__subtitles/169.srt,https://www.youtube.com/watch?v=rS4wqT9hI3g,N
170,170.0,170.0,170.0,,,,Designing Voice Interfaces: Back to the (Curriculum) Basics,,./video/170.mp4,./__subtitles/170.srt,https://www.youtube.com/watch?v=L_m77AiatSE,N
171,171.0,171.0,171.0,,,,Sensock: 3D Foot Reconstruction with Flexible Sensors,,./video/171.mp4,./__subtitles/171.srt,https://www.youtube.com/watch?v=HxYanJXP_hM,N
172,172.0,172.0,172.0,,,,WalkingVibe: Reducing Virtual Reality Sickness and Improving Realism while Walking in VR using ...,,./video/172.mp4,./__subtitles/172.srt,https://www.youtube.com/watch?v=GuUxI8zZh3U,N
173,173.0,173.0,173.0,,,,ThermalWear: Exploring Wearable On-chest Thermal Displays to Augment Voice Messages with Affect,,./video/173.mp4,./__subtitles/173.srt,https://www.youtube.com/watch?v=aKyuRfX7gHM,N
174,174.0,174.0,174.0,,,,Embodied Learning in Immersive Smart Spaces,,./video/174.mp4,./__subtitles/174.srt,https://www.youtube.com/watch?v=wGAJ-9M-Wcw,N
175,175.0,175.0,175.0,,,,Dimensions of UX Practice that Shape Ethical Awareness,,./video/175.mp4,./__subtitles/175.srt,https://www.youtube.com/watch?v=JyOXI-jxpYE,N
176,176.0,176.0,176.0,,,,Designing Clinical AAC Tablet Applications with Adults who have Mild Intellectual Disabilities,,./video/176.mp4,./__subtitles/176.srt,https://www.youtube.com/watch?v=qytveQwdvfk,N
177,177.0,177.0,177.0,,,,Chameleon: Bringing Interactivity to Static Digital Documents,,./video/177.mp4,./__subtitles/177.srt,https://www.youtube.com/watch?v=iMQQ-m60U6M,N
178,178.0,178.0,178.0,,,,Augmented Reality to Enable Users in Learning Case Grammar from Their Real-World Interactions,,./video/178.mp4,./__subtitles/178.srt,https://www.youtube.com/watch?v=iIjXV-QeiXQ,N
179,179.0,179.0,179.0,,,,What a Driver Wants: User Preferences in Semi-Autonomous Vehicle Decision-Making,,./video/179.mp4,./__subtitles/179.srt,https://www.youtube.com/watch?v=o0ZjqbS7abg,N
180,180.0,180.0,180.0,,,,Who Put That There? Temporal Navigation of Spatial Recordings by Direct Manipulation,,./video/180.mp4,./__subtitles/180.srt,https://www.youtube.com/watch?v=lp22J8Jfm5k,N
181,181.0,181.0,181.0,,,,Expanding Modes of Reflection in Design Futuring,,./video/181.mp4,./__subtitles/181.srt,https://www.youtube.com/watch?v=HprLh9fV80A,N
182,182.0,182.0,182.0,,,,Enabling Data-Driven API Design with Community Usage Data: A Need-Finding Study,,./video/182.mp4,./__subtitles/182.srt,https://www.youtube.com/watch?v=RTPKQ3fAq84,N
183,183.0,183.0,183.0,,,,Integrated Development Environment with Interactive Scatter Plot for Examining Statistical Modeling,,./video/183.mp4,./__subtitles/183.srt,https://www.youtube.com/watch?v=42j7_DxsEYc,N
184,184.0,184.0,184.0,,,,Assessing Severity of Pulmonary Obstruction from Respiration Phase-Based Wheeze-Sensing Using ...,,./video/184.mp4,./__subtitles/184.srt,https://www.youtube.com/watch?v=_6tGl6U2xg8,N
185,185.0,185.0,185.0,,,,High Water Pants: Designing Embodied Environmental Speculation,,./video/185.mp4,./__subtitles/185.srt,https://www.youtube.com/watch?v=6Whc8aNR7Jg,N
186,186.0,186.0,,,,,Play-Based Design: Giving 3- to 4-Year-Old Children a Voice in the Design Process,,./video/186.mp4,./__subtitles/186.srt,https://www.youtube.com/watch?v=7CASIsnn9yU,N
187,187.0,187.0,,,,,Capturing Experts' Mental Models to Organize a Collection of Haptic Devices: Affordances ...,,./video/187.mp4,./__subtitles/187.srt,https://www.youtube.com/watch?v=cejcJcERZ2g,N
188,188.0,188.0,,,,,"Debugging Database Queries: A Survey of Tools, Techniques, and Users",,./video/188.mp4,./__subtitles/188.srt,https://www.youtube.com/watch?v=auCLjsBi6zE,N
189,189.0,189.0,,,,,Questioning the AI: Informing Design Practices for Explainable AI User Experiences,,./video/189.mp4,./__subtitles/189.srt,https://www.youtube.com/watch?v=KSGQEvHeOuI,N
190,190.0,190.0,,,,,FamilyStories: Asynchronous Audio Storytelling for Family Members Across Time Zones,,./video/190.mp4,./__subtitles/190.srt,https://www.youtube.com/watch?v=i9Jo7yyu9MY,N
191,191.0,191.0,,,,,Considerations for Implementing Technology to Support Community Radio in Rural Communities,,./video/191.mp4,./__subtitles/191.srt,https://www.youtube.com/watch?v=iN4lvHO_bBA,N
192,192.0,192.0,,,,,3D-Auth: Two-Factor Authentication with Personalized 3D-Printed Items,,./video/192.mp4,./__subtitles/192.srt,https://www.youtube.com/watch?v=jy-XjJD1-nk,N
193,193.0,,,,,,Heteroglossia: In-Situ Story Ideation with the Crowd,,./video/193.mp4,./__subtitles/193.srt,https://www.youtube.com/watch?v=GcHP5CSmnCo,N
194,194.0,,,,,,Voice+Tactile: Augmenting In-vehicle Voice User Interface with Tactile Touchpad Interaction,,./video/194.mp4,./__subtitles/194.srt,https://www.youtube.com/watch?v=zw5pqt-Hqtw,N
195,195.0,,,,,,Surfacing Visualization Mirages,,./video/195.mp4,./__subtitles/195.srt,https://www.youtube.com/watch?v=arHbVFbq-mQ,N
196,196.0,,,,,,Wireality: Enabling Complex Tangible Geometries in Virtual Reality with Worn Multi-String Haptics,,./video/196.mp4,./__subtitles/196.srt,https://www.youtube.com/watch?v=UMcxpqyeRUU,N
197,197.0,,,,,,Sensitizing Scenarios: Sensitizing Designer Teams to Theory,,./video/197.mp4,./__subtitles/197.srt,https://www.youtube.com/watch?v=Yn3AVjhcFho,N
198,198.0,,,,,,Teddy: A System for Interactive Review Analysis,,./video/198.mp4,./__subtitles/198.srt,https://www.youtube.com/watch?v=aRESnHGIjrI,N
199,199.0,,,,,,User-defined Swarm Robot Control,,./video/199.mp4,./__subtitles/199.srt,https://www.youtube.com/watch?v=RfzAkW34J78,N
200,200.0,,,,,,PalmBoard: Leveraging Implicit Touch Pressure in Statistical Decoding for Indirect Text Entry,,./video/200.mp4,./__subtitles/200.srt,https://www.youtube.com/watch?v=QyvJfqplGdI,N
201,201.0,,,,,,Understanding Users' Perception Towards Automated Personality Detection with Group-specific ...,,./video/201.mp4,./__subtitles/201.srt,https://www.youtube.com/watch?v=QMnw8FUcijE,N
202,202.0,,,,,,Dziban: Balancing Agency & Automation in Visualization Design via Anchored Recommendations,,./video/202.mp4,./__subtitles/202.srt,https://www.youtube.com/watch?v=lMLp4mwDbjk,N
203,203.0,,,,,,CurveBoards: Integrating Breadboards into Physical Objects to Prototype Function in the Context ...,,./video/203.mp4,./__subtitles/203.srt,https://www.youtube.com/watch?v=um9bpullM14,N
204,204.0,,,,,,Taking Data Out of Context to Hyper-Personalize Ads: Crowdworkers' Privacy Perceptions and ...,,./video/204.mp4,./__subtitles/204.srt,https://www.youtube.com/watch?v=nyuVNUNIfI4,N
205,205.0,,,,,,FoodFab: Creating Food Perception Illusions using Food 3D Printing,,./video/205.mp4,./__subtitles/205.srt,https://www.youtube.com/watch?v=qfFUMBFn5XE,N
206,206.0,,,,,,Investigating Collaborative Exploration of Design Alternatives on a Wall-Sized Display,,./video/206.mp4,./__subtitles/206.srt,https://www.youtube.com/watch?v=ZPrA6rBoeGo,N
207,207.0,,,,,,Exploring Nudge Designs to Help Adolescent SNS Users Avoid Privacy and Safety Threats,,./video/207.mp4,./__subtitles/207.srt,https://www.youtube.com/watch?v=K1hsp0m_Afc,N
208,208.0,,,,,,A Change of Perspective: How User Orientation Influences the Perception of Physicalizations,,./video/208.mp4,./__subtitles/208.srt,https://www.youtube.com/watch?v=Ns2vVrh0Gr0,N
209,209.0,,,,,,Detecting Gender Stereotypes: Lexicon vs. Supervised Learning Methods,,./video/209.mp4,./__subtitles/209.srt,https://www.youtube.com/watch?v=cF7mGn6VeZI,N
210,210.0,,,,,,What is this URL's Destination? Empirical Evaluation of Users' URL Reading,,./video/210.mp4,./__subtitles/210.srt,https://www.youtube.com/watch?v=BCObHB1uBe4,N
211,211.0,,,,,,JumpVR: Jump-Based Locomotion Augmentation for Virtual Reality,,./video/211.mp4,./__subtitles/211.srt,https://www.youtube.com/watch?v=8eQ7BOw9UqE,N
212,212.0,,,,,,"""And This, Kids, Is How I Met Your Mother"": Consumerist, Mundane, and Uncanny Futures with Sex ...",,./video/212.mp4,./__subtitles/212.srt,https://www.youtube.com/watch?v=4UKUxtx-ILQ,N
213,213.0,,,,,,Next Steps for Human-Computer Integration,,./video/213.mp4,./__subtitles/213.srt,https://www.youtube.com/watch?v=6lNzoqe3gCE,N
214,214.0,,,,,,High Tempo Work: Design Challenges for Head-worn Displays in Quick Service Restaurants,,./video/214.mp4,./__subtitles/214.srt,https://www.youtube.com/watch?v=jYQwvxtlMUQ,N
215,215.0,,,,,,Let's Talk about Sext: How Adolescents Seek Support and Advice about Their Online Sexual Experiences,,./video/215.mp4,./__subtitles/215.srt,https://www.youtube.com/watch?v=TB3a8yerdBc,N
216,216.0,,,,,,Dynamic Motor Skill Synthesis with Human-Machine Mutual Actuation,,./video/216.mp4,./__subtitles/216.srt,https://www.youtube.com/watch?v=DqKcTnranH0,N
217,217.0,,,,,,Novice-AI Music Co-Creation via AI-Steering Tools for Deep Generative Models,,./video/217.mp4,./__subtitles/217.srt,https://www.youtube.com/watch?v=jmlc-0pHcOw,N
218,218.0,,,,,,Understanding the Use of Crisis Informatics Technology among Older Adults,,./video/218.mp4,./__subtitles/218.srt,https://www.youtube.com/watch?v=_sJ2GoZu1Ss,N
219,219.0,,,,,,Autonomous Vehicle-Cyclist Interaction: Peril and Promise,,./video/219.mp4,./__subtitles/219.srt,https://www.youtube.com/watch?v=DtxkWAW9B1s,N
220,220.0,,,,,,Digital Fabrication Tools at Work: Probing Professionals' Current Needs and Desired Futures,,./video/220.mp4,./__subtitles/220.srt,https://www.youtube.com/watch?v=xF_JlhhJlY8,N
221,221.0,,,,,,Augmenting Static Visualizations with PapARVis Designer,,./video/221.mp4,./__subtitles/221.srt,https://www.youtube.com/watch?v=EKQCRMVrgOc,N
222,222.0,,,,,,Investigating the Effects of Self-Avatars and Story-Relevant Avatars on Children's Creative ...,,./video/222.mp4,./__subtitles/222.srt,https://www.youtube.com/watch?v=kTSzMmLRY1U,N
223,223.0,,,,,,ARchitect: Building Interactive Virtual Experiences from Physical Affordances by Bringing ...,,./video/223.mp4,./__subtitles/223.srt,https://www.youtube.com/watch?v=Xa7Qtzxn9iY,N
224,224.0,,,,,,"PneuSleeve: In-fabric Multimodal Actuation and Sensing in a Soft, Compact, and Expressive Haptic ...",,./video/224.mp4,./__subtitles/224.srt,https://www.youtube.com/watch?v=ZxhCHp_6j28,N
225,225.0,,,,,,Scout: Rapid Exploration of Interface Layout Alternatives through High-Level Design Constraints,,./video/225.mp4,./__subtitles/225.srt,https://www.youtube.com/watch?v=FVXEVjEAucg,N
226,226.0,,,,,,WithYou: Automated Adaptive Speech Tutoring With Context-Dependent Speech Recognition,,./video/226.mp4,./__subtitles/226.srt,https://www.youtube.com/watch?v=ZDsbsMBOyVg,N
227,227.0,,,,,,Exploring the Design Space of User-System Communication for Smart-home Routine Assistants,,./video/227.mp4,./__subtitles/227.srt,https://www.youtube.com/watch?v=UhrUftPhTDQ,N
228,228.0,,,,,,The Effectiveness of Visual and Audio Wayfinding Guidance on Smartglasses for People with Low Vision,,./video/228.mp4,./__subtitles/228.srt,https://www.youtube.com/watch?v=iPfIoM75XNo,N
229,229.0,,,,,,Data Everyday: Data Literacy Practices in a Division I College Sports Context,,./video/229.mp4,./__subtitles/229.srt,https://www.youtube.com/watch?v=hUAokFX946Y,N
230,230.0,,,,,,A Rapid Tapping Task on Commodity Smartphones to Assess Motor Fatigability,,./video/230.mp4,./__subtitles/230.srt,https://www.youtube.com/watch?v=iePm5dlAiio,N
231,231.0,,,,,,Snapstream: Snapshot-based Interaction in Live Streaming for Visual Art,,./video/231.mp4,./__subtitles/231.srt,https://www.youtube.com/watch?v=tQH5emUi-PU,N
232,232.0,,,,,,Collaborative Technologies for Children with Special Needs: A Systematic Literature Review,,./video/232.mp4,./__subtitles/232.srt,https://www.youtube.com/watch?v=24-_vDylYT8,N
233,233.0,,,,,,Virtual Field Studies: Conducting Studies on Public Displays in Virtual Reality,,./video/233.mp4,./__subtitles/233.srt,https://www.youtube.com/watch?v=DVXWuVx4HtY,N
234,234.0,,,,,,GridAlert: Using a Sensor-Based Technology to Monitor Power Blackouts in Kenyan Homes,,./video/234.mp4,./__subtitles/234.srt,https://www.youtube.com/watch?v=s0swQOnOERQ,N
235,235.0,,,,,,Opportunities for Enhancing Access and Efficacy of Peer Sponsorship in Substance Use Disorder ...,,./video/235.mp4,./__subtitles/235.srt,https://www.youtube.com/watch?v=4MLeDuCDg1s,N
236,236.0,,,,,,ScrAPIr: Making Web Data APIs Accessible to End Users,,./video/236.mp4,./__subtitles/236.srt,https://www.youtube.com/watch?v=SSj_msJvRwo,N
237,237.0,,,,,,Interpreting Interpretability: Understanding Data Scientists' Use of Interpretability Tools for ...,,./video/237.mp4,./__subtitles/237.srt,https://www.youtube.com/watch?v=oMwF9CJGbwg,N
238,238.0,,,,,,"Creating Augmented and Virtual Reality Applications: Current Practices, Challenges, and ...",,./video/238.mp4,./__subtitles/238.srt,https://www.youtube.com/watch?v=mI06ZvxgyeA,N
239,239.0,,,,,,Companionship Is Not a Function: The Effect of a Novel Robotic Object on Healthy Older Adults' ...,,./video/239.mp4,./__subtitles/239.srt,https://www.youtube.com/watch?v=GIBCs8jmywI,N
240,240.0,,,,,,An Intermittent Click Planning Model,,./video/240.mp4,./__subtitles/240.srt,https://www.youtube.com/watch?v=6Eg8PBjEYrw,N
241,241.0,,,,,,Tabloidization versus Credibility: Short Term Gain for Long Term Pain,,./video/241.mp4,./__subtitles/241.srt,https://www.youtube.com/watch?v=pPQnBDpx3Js,N
242,242.0,,,,,,"""My Library Has Just Been Obliterated"": Producing New Norms of Use Via Software Update",,./video/242.mp4,./__subtitles/242.srt,https://www.youtube.com/watch?v=rqnpX6ahRzQ,N
243,243.0,,,,,,Decipher: An Interactive Visualization Tool for Interpreting Unstructured Design Feedback from ...,,./video/243.mp4,./__subtitles/243.srt,https://www.youtube.com/watch?v=chwpGspBVv8,N
244,244.0,,,,,,Broadening Exposure to Socio-Political Opinions via a Pushy Smart Home Device,,./video/244.mp4,./__subtitles/244.srt,https://www.youtube.com/watch?v=x9GYxqmeIPc,N
245,245.0,,,,,,"The Experience of Guided Online Therapy: A Longitudinal, Qualitative Analysis of Client Feedback ...",,./video/245.mp4,./__subtitles/245.srt,https://www.youtube.com/watch?v=JQB1_9yEAtU,N
246,246.0,,,,,,A Design Engineering Approach for Quantitatively Exploring Context-Aware Sentence Retrieval for ...,,./video/246.mp4,./__subtitles/246.srt,https://www.youtube.com/watch?v=VmtD5zktNco,N
247,247.0,,,,,,"GUIComp: A GUI Design Assistant with Real-Time, Multi-Faceted Feedback",,./video/247.mp4,./__subtitles/247.srt,https://www.youtube.com/watch?v=zwZUrxbKySQ,N
248,248.0,,,,,,Bridging the Virtual and Real Worlds: A Preliminary Study of Messaging Notifications in Virtual ...,,./video/248.mp4,./__subtitles/248.srt,https://www.youtube.com/watch?v=aE7Rnsdn54A,N
249,249.0,,,,,,Optimizing User Interface Layouts via Gradient Descent,,./video/249.mp4,./__subtitles/249.srt,https://www.youtube.com/watch?v=5i2xzP7f1ag,N
250,250.0,,,,,,Gaiters: Exploring Skin Stretch Feedback on Legs for Enhancing Virtual Reality Experiences,,./video/250.mp4,./__subtitles/250.srt,https://www.youtube.com/watch?v=w4WXcncBrMI,N
251,251.0,,,,,,ProtoSpray: Combining 3D Printing and Spraying to Create Interactive Displays with Arbitrary Shapes,,./video/251.mp4,./__subtitles/251.srt,https://www.youtube.com/watch?v=5WPqaVDVEmc,N
252,252.0,,,,,,Pedagogical Agents for Fostering Question-Asking Skills in Children,,./video/252.mp4,./__subtitles/252.srt,https://www.youtube.com/watch?v=zk5SYUi0LmU,N
253,253.0,,,,,,Amazon vs. My Brother: How Users of Shared Smart Speakers Perceive and Cope with Privacy Risks,,./video/253.mp4,./__subtitles/253.srt,https://www.youtube.com/watch?v=1y3KoKCgNdw,N
254,254.0,,,,,,Feminist Living Labs as Research Infrastructures for HCI: The Case of a Video Game Company,,./video/254.mp4,./__subtitles/254.srt,https://www.youtube.com/watch?v=9-QT9Cp01lQ,N
255,255.0,,,,,,Improving Virtual Reality Ergonomics Through Reach-Bounded Non-Linear Input Amplification,,./video/255.mp4,./__subtitles/255.srt,https://www.youtube.com/watch?v=6xNxdmjHMEY,N
256,256.0,,,,,,Towards Inclusive External Communication of Autonomous Vehicles for Pedestrians with Vision ...,,./video/256.mp4,./__subtitles/256.srt,https://www.youtube.com/watch?v=6IQRcTcOrgs,N
257,257.0,,,,,,DataQuilt: Extracting Visual Elements from Images to Craft Pictorial Visualizations,,./video/257.mp4,./__subtitles/257.srt,https://www.youtube.com/watch?v=0K6ZiQ78otA,N
258,258.0,,,,,,Un-authorised View: Leveraging Volunteer Expertise in Heritage,,./video/258.mp4,./__subtitles/258.srt,https://www.youtube.com/watch?v=60-IMQ27f38,N
259,259.0,,,,,,Community Collectives: Low-tech Social Support for Digitally-Engaged Entrepreneurship,,./video/259.mp4,./__subtitles/259.srt,https://www.youtube.com/watch?v=R9rs8x2LmJc,N
260,260.0,,,,,,GAZED– Gaze-guided Cinematic Editing of Wide-Angle Monocular Video Recordings,,./video/260.mp4,./__subtitles/260.srt,https://www.youtube.com/watch?v=dZVvqJVuMEQ,N
261,261.0,,,,,,"Awareness, Navigation, and Use of Feed Control Settings Online",,./video/261.mp4,./__subtitles/261.srt,https://www.youtube.com/watch?v=AjXP-PzK61A,N
262,262.0,,,,,,NurseCare: Design and 'In-The-Wild' Evaluation of a Mobile System to Promote the Ergonomic ...,,./video/262.mp4,./__subtitles/262.srt,https://www.youtube.com/watch?v=_KaUKylS_Ps,N
263,263.0,,,,,,Scenario Co-Creation Cards: A Culturally Sensitive Tool for Eliciting Values,,./video/263.mp4,./__subtitles/263.srt,https://www.youtube.com/watch?v=EvnKfi5aqGY,N
264,264.0,,,,,,DoughNets: Visualising Networks Using Torus Wrapping,,./video/264.mp4,./__subtitles/264.srt,https://www.youtube.com/watch?v=ea0qbnXDMS4,N
265,265.0,,,,,,Camera Adversaria,,./video/265.mp4,./__subtitles/265.srt,https://www.youtube.com/watch?v=cNGHZs47atU,N
266,266.0,,,,,,Automatic Text Simplification Tools for Deaf and Hard of Hearing Adults: Benefits of Lexical ...,,./video/266.mp4,./__subtitles/266.srt,https://www.youtube.com/watch?v=-f4zOcRWeaE,N
267,267.0,,,,,,EarBuddy: Enabling On-Face Interaction via Wireless Earbuds,,./video/267.mp4,./__subtitles/267.srt,https://www.youtube.com/watch?v=siZFDS55oS4,N
268,268.0,,,,,,Evaluating Multivariate Network Visualization Techniques Using a Validated Design and ...,,./video/268.mp4,./__subtitles/268.srt,https://www.youtube.com/watch?v=R4bWdBpmGmw,N
269,269.0,,,,,,User's Role in Platform Infrastructuralization: WeChat as an Exemplar,,./video/269.mp4,./__subtitles/269.srt,https://www.youtube.com/watch?v=spGVUkCGNVA,N
270,270.0,,,,,,VoiceCoach: Interactive Evidence-based Training for Voice Modulation Skills in Public Speaking,,./video/270.mp4,./__subtitles/270.srt,https://www.youtube.com/watch?v=utKFpKtlr_c,N
271,271.0,,,,,,Supporting the Supporters of Unaccompanied Migrant Youth: Designing for Social-ecological Resilience,,./video/271.mp4,./__subtitles/271.srt,https://www.youtube.com/watch?v=bfCrJNtC9c4,N
272,272.0,,,,,,Power Play: How the Need to Empower or Overpower Other Players Predicts Preferences in League of ...,,./video/272.mp4,./__subtitles/272.srt,https://www.youtube.com/watch?v=GDx1Ds3RzlY,N
273,273.0,,,,,,Kirigami Haptic Swatches: Design Methods for Cut-and-Fold Haptic Feedback Mechanisms,,./video/273.mp4,./__subtitles/273.srt,https://www.youtube.com/watch?v=eWQTU1IY_dM,N
274,274.0,,,,,,Chasm: A Screw Based Expressive Compact Haptic Actuator,,./video/274.mp4,./__subtitles/274.srt,https://www.youtube.com/watch?v=7Zb1cZz5EH4,N
275,275.0,,,,,,Evaluating the Effect of Timeline Shape on Visualization Task Performance,,./video/275.mp4,./__subtitles/275.srt,https://www.youtube.com/watch?v=MeIM6gKS6fY,N
276,276.0,,,,,,Brainsourcing: Crowdsourcing Recognition Tasks via Collaborative Brain-Computer Interfacing,,./video/276.mp4,./__subtitles/276.srt,https://www.youtube.com/watch?v=EdW4DHKtY4Q,N
277,277.0,,,,,,Scents and Sensibility: Evaluating Information Olfactation,,./video/277.mp4,./__subtitles/277.srt,https://www.youtube.com/watch?v=r57UMo_RqqQ,N
278,278.0,,,,,,OMOY: A Handheld Robotic Gadget that Shifts its Weight to Express Emotions and Intentions,,./video/278.mp4,./__subtitles/278.srt,https://www.youtube.com/watch?v=xGLVLa5H63g,N
279,279.0,,,,,,Household Surface Interactions: Understanding User Input Preferences and Perceived Home Experiences,,./video/279.mp4,./__subtitles/279.srt,https://www.youtube.com/watch?v=YuEYV1LjTIE,N
280,280.0,,,,,,Charge for a whole day: Extending Battery Life for BCI Wearables using a Lightweight Wake-Up Command,,./video/280.mp4,./__subtitles/280.srt,https://www.youtube.com/watch?v=hJFv_Msjpts,N
281,281.0,,,,,,Evaluation of a Financial Portfolio Visualization using Computer Displays and Mixed Reality ...,,./video/281.mp4,./__subtitles/281.srt,https://www.youtube.com/watch?v=jaLYBMbska0,N
282,282.0,,,,,,Toward Immersive Self-Driving Simulations: Reports from a User Study across Six Platforms,,./video/282.mp4,./__subtitles/282.srt,https://www.youtube.com/watch?v=rSZNTfWCxKg,N
283,283.0,,,,,,Embodiment Effects in Interactions with Failing Robots,,./video/283.mp4,./__subtitles/283.srt,https://www.youtube.com/watch?v=5CSnjSgCpIg,N
284,284.0,,,,,,Affect Recognition using Psychophysiological Correlates in High Intensity VR Exergaming,,./video/284.mp4,./__subtitles/284.srt,https://www.youtube.com/watch?v=524Bi1vaNZk,N
285,285.0,,,,,,Trust versus Privacy: Using Connected Car Data in Peer-to-Peer Carsharing,,./video/285.mp4,./__subtitles/285.srt,https://www.youtube.com/watch?v=u1ek3owkCbk,N
286,286.0,,,,,,A Conversation Analysis of Non-Progress and Coping Strategies with a Banking Task-Oriented Chatbot,,./video/286.mp4,./__subtitles/286.srt,https://www.youtube.com/watch?v=BwMgNRw15rA,N
287,287.0,,,,,,Memory through Design: Supporting Cultural Identity for Immigrants through a Paper-Based Home ...,,./video/287.mp4,./__subtitles/287.srt,https://www.youtube.com/watch?v=jarrsLLkAA8,N
288,288.0,,,,,,Experiential Qualities of Whispering with Voice Assistants,,./video/288.mp4,./__subtitles/288.srt,https://www.youtube.com/watch?v=qQVbkJK-CNI,N
289,289.0,,,,,,Guess the Data: Data Work to Understand How People Make Sense of and Use Simple Sensor Data from ...,,./video/289.mp4,./__subtitles/289.srt,https://www.youtube.com/watch?v=WwD04FAhcNE,N
290,290.0,,,,,,Conversational Technologies for In-home Learning: Using Co-Design to Understand Children's and ...,,./video/290.mp4,./__subtitles/290.srt,https://www.youtube.com/watch?v=Co2jzoqve2s,N
291,291.0,,,,,,The Burden of Ending Online Account Sharing,,./video/291.mp4,./__subtitles/291.srt,https://www.youtube.com/watch?v=6Q9s06jpRo8,N
292,292.0,,,,,,Reflexive VR Storytelling Design Beyond Immersion: Facilitating Self-Reflection on Death and ...,,./video/292.mp4,./__subtitles/292.srt,https://www.youtube.com/watch?v=ct9p5laWmDY,N
293,293.0,,,,,,"""It's a scavenger hunt"": Usability of Websites' Opt-Out and Data Deletion Choices",,./video/293.mp4,./__subtitles/293.srt,https://www.youtube.com/watch?v=zl01PuvPEn0,N
294,294.0,,,,,,Bot or not? User Perceptions of Player Substitution with Deep Player Behavior Models,,./video/294.mp4,./__subtitles/294.srt,https://www.youtube.com/watch?v=3BkdJArhvnY,N
295,295.0,,,,,,When Design Novices and LEGO® Meet: Stimulating Creative Thinking for Interface Design,,./video/295.mp4,./__subtitles/295.srt,https://www.youtube.com/watch?v=PUMxFkDMu44,N
296,296.0,,,,,,Giving Voice to Silent Data: Designing with Personal Music Listening History,,./video/296.mp4,./__subtitles/296.srt,https://www.youtube.com/watch?v=Ojfi9FFgMJA,N
297,297.0,,,,,,Understanding and Visualizing Data Iteration in Machine Learning,,./video/297.mp4,./__subtitles/297.srt,https://www.youtube.com/watch?v=xA-5sIo1Ma8,N
298,298.0,,,,,,Adults' and Children's Mental Models for Gestural Interactions with Interactive Spherical Displays,,./video/298.mp4,./__subtitles/298.srt,https://www.youtube.com/watch?v=G_li-Q7poss,N
299,299.0,,,,,,Du Bois Wrapped Bar Chart: Visualizing Categorical Data with Disproportionate Values,,./video/299.mp4,./__subtitles/299.srt,https://www.youtube.com/watch?v=VLd8n8SpEK4,N
300,300.0,,,,,,TandemTrack: Shaping Consistent Exercise Experience by Complementing a Mobile App with a Smart ...,,./video/300.mp4,./__subtitles/300.srt,https://www.youtube.com/watch?v=DjV8h3it5XM,N
301,301.0,,,,,,"Random, Messy, Funny, Raw: Finstas as Intimate Reconfigurations of Social Media",,./video/301.mp4,./__subtitles/301.srt,https://www.youtube.com/watch?v=6dLs_EpM95k,N
302,302.0,,,,,,Culture in Action: Unpacking Capacities to Inform Assets-Based Design,,./video/302.mp4,./__subtitles/302.srt,https://www.youtube.com/watch?v=DB8gTqIrV2o,N
303,303.0,,,,,,Podoportation: Foot-Based Locomotion in Virtual Reality,,./video/303.mp4,./__subtitles/303.srt,https://www.youtube.com/watch?v=6c8JujTvVkY,N
304,304.0,,,,,,Zippro: The Design and Implementation of An Interactive Zipper,,./video/304.mp4,./__subtitles/304.srt,https://www.youtube.com/watch?v=y-n1XqSBjT0,N
305,305.0,,,,,,KeyMap: Improving Keyboard Shortcut Vocabulary Using Norman's Mapping,,./video/305.mp4,./__subtitles/305.srt,https://www.youtube.com/watch?v=7D1IY5dkqo4,N
306,306.0,,,,,,Color and Animation Preferences for a Light Band eHMI in Interactions Between Automated Vehicles ...,,./video/306.mp4,./__subtitles/306.srt,https://www.youtube.com/watch?v=ofAmbyh6fjU,N
307,307.0,,,,,,How to Trick AI: Users' Strategies for Protecting Themselves from Automatic Personality Assessment,,./video/307.mp4,./__subtitles/307.srt,https://www.youtube.com/watch?v=rOCG8B-hHGQ,N
308,308.0,,,,,,texSketch: Active Diagramming through Pen-and-Ink Annotations,,./video/308.mp4,./__subtitles/308.srt,https://www.youtube.com/watch?v=wopP6k7i_9g,N
309,309.0,,,,,,Characterizing Twitter Users Who Engage in Adversarial Interactions against Political Candidates,,./video/309.mp4,./__subtitles/309.srt,https://www.youtube.com/watch?v=hdap4ndgqUk,N
310,310.0,,,,,,Storywell: Designing for Family Fitness App Motivation by Using Social Rewards and Reflection,,./video/310.mp4,./__subtitles/310.srt,https://www.youtube.com/watch?v=pt9TKQooelw,N
311,311.0,,,,,,Is Your Time Well Spent? Reflecting on Knowledge Work More Holistically,,./video/311.mp4,./__subtitles/311.srt,https://www.youtube.com/watch?v=iIgdj4Pwh1w,N
312,312.0,,,,,,Designing Ambient Narrative-Based Interfaces to Reflect and Motivate Physical Activity,,./video/312.mp4,./__subtitles/312.srt,https://www.youtube.com/watch?v=a4a2CzA_BuA,N
313,313.0,,,,,,Recognizing Affiliation: Using Behavioural Traces to Predict the Quality of Social Interactions ...,,./video/313.mp4,./__subtitles/313.srt,https://www.youtube.com/watch?v=4aj7e6OvpR8,N
314,314.0,,,,,,Head-Coupled Kinematic Template Matching: A Prediction Model for Ray Pointing in VR,,./video/314.mp4,./__subtitles/314.srt,https://www.youtube.com/watch?v=cRCjcmCoS08,N
315,315.0,,,,,,Designing an Eyes-Reduced Document Skimming App for Situational Impairments,,./video/315.mp4,./__subtitles/315.srt,https://www.youtube.com/watch?v=nt05teOrNKI,N
316,316.0,,,,,,Exploring The Future of Data-Driven Product Design,,./video/316.mp4,./__subtitles/316.srt,https://www.youtube.com/watch?v=Crae54_x0Rw,N
317,317.0,,,,,,Therminator: Understanding the Interdependency of Visual and On-Body Thermal Feedback in Virtual ...,,./video/317.mp4,./__subtitles/317.srt,https://www.youtube.com/watch?v=p36TkvjTXfc,N
318,318.0,,,,,,Get a Grip: Evaluating Grip Gestures for VR Input using a Lightweight Pen,,./video/318.mp4,./__subtitles/318.srt,https://www.youtube.com/watch?v=legafOoWA9c,N
319,319.0,,,,,,"Manipulation, Learning, and Recall with Tangible Pen-Like Input",,./video/319.mp4,./__subtitles/319.srt,https://www.youtube.com/watch?v=EptL37mE7F0,N
320,320.0,,,,,,Performance and Experience of Throwing in Virtual Reality,,./video/320.mp4,./__subtitles/320.srt,https://www.youtube.com/watch?v=FY4UbkbXmsk,N
321,321.0,,,,,,SolutionChat: Real-time Moderator Support for Chat-based Structured Discussion,,./video/321.mp4,./__subtitles/321.srt,https://www.youtube.com/watch?v=fWSUhUEX3BU,N
322,322.0,,,,,,Understanding Viewport- and World-based Pointing with Everyday Smart Devices in Immersive ...,,./video/322.mp4,./__subtitles/322.srt,https://www.youtube.com/watch?v=QQCwILEpABM,N
323,323.0,,,,,,PoCoPo: Handheld Pin-based Shape Display for Haptic Rendering in Virtual Reality,,./video/323.mp4,./__subtitles/323.srt,https://www.youtube.com/watch?v=_lL34qC3-q0,N
324,324.0,,,,,,Developing a Personality Model for Speech-based Conversational Agents Using the Psycholexical ...,,./video/324.mp4,./__subtitles/324.srt,https://www.youtube.com/watch?v=BqmDROCtbhs,N
325,325.0,,,,,,The Government's Dividend: Complex Perceptions of Social Media Misinformation in China,,./video/325.mp4,./__subtitles/325.srt,https://www.youtube.com/watch?v=EWt8ayD_Knc,N
326,326.0,,,,,,Understanding Client Support Strategies to Improve Clinical Outcomes in an Online Mental Health ...,,./video/326.mp4,./__subtitles/326.srt,https://www.youtube.com/watch?v=S1wf_jGwz5w,N
327,327.0,,,,,,Making Design Memoirs: Understanding and Honoring Difficult Experiences,,./video/327.mp4,./__subtitles/327.srt,https://www.youtube.com/watch?v=cl04qUybvII,N
328,328.0,,,,,,"Digital-Enabled Last Mile: A Study of Passenger Trips in Rural, Low-density Populated Areas",,./video/328.mp4,./__subtitles/328.srt,https://www.youtube.com/watch?v=IWRxuALEuwk,N
329,329.0,,,,,,Engaging with Public Art: An Exploration of the Design Space,,./video/329.mp4,./__subtitles/329.srt,https://www.youtube.com/watch?v=kHSbZ4FY_gA,N
330,330.0,,,,,,Infrastructural Speculations: Tactics for Designing and Interrogating Lifeworlds,,./video/330.mp4,./__subtitles/330.srt,https://www.youtube.com/watch?v=ITnfWQdZ5jU,N
331,331.0,,,,,,Place-Based Policymaking and HCI: Opportunities and Challenges for Technology Design,,./video/331.mp4,./__subtitles/331.srt,https://www.youtube.com/watch?v=g1uLiPKXeCM,N
332,332.0,,,,,,Researching AI Legibility through Design,,./video/332.mp4,./__subtitles/332.srt,https://www.youtube.com/watch?v=HoBYSSEZWAg,N
333,333.0,,,,,,"Learning Through Exploration: How Children, Adults, and Older Adults Interact with a New ...",,./video/333.mp4,./__subtitles/333.srt,https://www.youtube.com/watch?v=kxKl7MCH_YM,N
334,334.0,,,,,,Nailz: Sensing Hand Input with Touch Sensitive Nails,,./video/334.mp4,./__subtitles/334.srt,https://www.youtube.com/watch?v=QsmCJo1Kf9Q,N
335,335.0,,,,,,Crowdsourced Detection of Emotionally Manipulative Language,,./video/335.mp4,./__subtitles/335.srt,https://www.youtube.com/watch?v=75V-7g-RAlg,N
336,336.0,,,,,,MirrorPad: Mirror on Touchpad for Direct Pen Interaction in the Laptop Environment,,./video/336.mp4,./__subtitles/336.srt,https://www.youtube.com/watch?v=ME1_WMcCOxc,N
337,,,,,,,The Low/High Index of Pupillary Activity,,./video/337.mp4,./__subtitles/337.srt,https://www.youtube.com/watch?v=uj0nDTvnEC8,N
338,,,,,,,A Human-Centered Evaluation of a Deep Learning System Deployed in Clinics for the Detection of ...,,./video/338.mp4,./__subtitles/338.srt,https://www.youtube.com/watch?v=-7VR8fZFOT4,N
339,,,,,,,Comparing Smartphone Speech Recognition and Touchscreen Typing for Composition and Transcription,,./video/339.mp4,./__subtitles/339.srt,https://www.youtube.com/watch?v=mYymssFoiWQ,N
340,,,,,,,Improving Humans' Ability to Interpret Deictic Gestures in Virtual Reality,,./video/340.mp4,./__subtitles/340.srt,https://www.youtube.com/watch?v=iUmL_Kek6wU,N
341,,,,,,,Online Privacy Heuristics that Predict Information Disclosure,,./video/341.mp4,./__subtitles/341.srt,https://www.youtube.com/watch?v=xv5EMjdXUi8,N
342,,,,,,,The Role of Everyday Sounds in Advanced Dementia Care,,./video/342.mp4,./__subtitles/342.srt,https://www.youtube.com/watch?v=ePMXY0nBxaw,N
343,,,,,,,Join.Love: A Sociotechnical Genealogy of the Legalization of Same-Sex Marriage,,./video/343.mp4,./__subtitles/343.srt,https://www.youtube.com/watch?v=aS85sSmDh94,N
344,,,,,,,The Role of Eye Gaze in Security and Privacy Applications: Survey and Future HCI Research Directions,,./video/344.mp4,./__subtitles/344.srt,https://www.youtube.com/watch?v=U5r2qIGw42k,N
345,,,,,,,Modeling Human Visual Search Performance on Realistic Webpages Using Analytical and Deep ...,,./video/345.mp4,./__subtitles/345.srt,https://www.youtube.com/watch?v=FnXLQRB3EXA,N
346,,,,,,,Designing in the Network of Relations for Species Conservation: The Playful Tingtibi Community ...,,./video/346.mp4,./__subtitles/346.srt,https://www.youtube.com/watch?v=vbTepy_XRwM,N
347,,,,,,,A Comparison of Geographical Propagation Visualizations,,./video/347.mp4,./__subtitles/347.srt,https://www.youtube.com/watch?v=uKZRKFDrEnc,N
348,,,,,,,Foundations for Designing Public Interactive Displays that Provide Value to Users,,./video/348.mp4,./__subtitles/348.srt,https://www.youtube.com/watch?v=pUKWcyEswNo,N
349,,,,,,,Investigating Opportunities for Crowdsourcing in Church-Based Health Interventions: A ...,,./video/349.mp4,./__subtitles/349.srt,https://www.youtube.com/watch?v=J4nNTxUEFls,N
350,,,,,,,Designing Trans Technology: Defining Challenges and Envisioning Community-Centered Solutions,,./video/350.mp4,./__subtitles/350.srt,https://www.youtube.com/watch?v=iafQwn00MSc,N
351,,,,,,,In Search of Forms for Evocative and Generative Reflection: Exploratory Studies and a Design ...,,./video/351.mp4,./__subtitles/351.srt,https://www.youtube.com/watch?v=iOQ-Bx7grB8,N
352,,,,,,,Swap: A Replacement-based Text Revision Technique for Mobile Devices,,./video/352.mp4,./__subtitles/352.srt,https://www.youtube.com/watch?v=nU97tua0ZVY,N
353,,,,,,,Examining Design Choices of Questionnaires in VR User Studies,,./video/353.mp4,./__subtitles/353.srt,https://www.youtube.com/watch?v=eR0y-EFXu2M,N
354,,,,,,,Wearable Microphone Jamming,,./video/354.mp4,./__subtitles/354.srt,https://www.youtube.com/watch?v=EmsagB-SZ-c,N
355,,,,,,,"""On Finsta, I can say 'Hail Satan'"": Being Authentic but Disagreeable on Instagram",,./video/355.mp4,./__subtitles/355.srt,https://www.youtube.com/watch?v=KMa1qB6zosM,N
356,,,,,,,RestoreVR: Generating Embodied Knowledge and Situated Experience of Dunhuang Mural Conservation ...,,./video/356.mp4,./__subtitles/356.srt,https://www.youtube.com/watch?v=LCBeGWB5nws,N
357,,,,,,,"""Transport Me Away"": Fostering Flow in Open Offices through Virtual Reality",,./video/357.mp4,./__subtitles/357.srt,https://www.youtube.com/watch?v=Bfw3ZtHOMCA,N
358,,,,,,,An Experimental Study of Bias in Platform Worker Ratings: The Role of Performance Quality and Gender,,./video/358.mp4,./__subtitles/358.srt,https://www.youtube.com/watch?v=dsJACNeUYlE,N
359,,,,,,,Improving the Usability and UX of the Swiss Internet Voting Interface,,./video/359.mp4,./__subtitles/359.srt,https://www.youtube.com/watch?v=E5vSr50EmbI,N
360,,,,,,,Automation and Creativity: A Case Study of DJs' and VJs' Ambivalent Positions on Automated ...,,./video/360.mp4,./__subtitles/360.srt,https://www.youtube.com/watch?v=jbFjcmns6K8,N
361,,,,,,,Weaving by Touch: A Case Analysis of Accessible Making,,./video/361.mp4,./__subtitles/361.srt,https://www.youtube.com/watch?v=FpDTROB-tOQ,N
362,,,,,,,INWARD: A Computer-Supported Tool for Video-Reflection Improves Efficiency and Effectiveness in ...,,./video/362.mp4,./__subtitles/362.srt,https://www.youtube.com/watch?v=owvZapwbAaM,N
363,,,,,,,Searching for Mental Health: A Mixed-Methods Study of Young People's Online Help-seeking,,./video/363.mp4,./__subtitles/363.srt,https://www.youtube.com/watch?v=BLi3_9PE6Mo,N
364,,,,,,,CollabAR – Investigating the Mediating Role of Mobile AR Interfaces on Co-Located Group ...,,./video/364.mp4,./__subtitles/364.srt,https://www.youtube.com/watch?v=UseGezut-pU,N
365,,,,,,,Food Literacy while Shopping: Motivating Informed Food Purchasing Behaviour with a Situated ...,,./video/365.mp4,./__subtitles/365.srt,https://www.youtube.com/watch?v=PeC_kojFrzg,N
366,,,,,,,Affective State Prediction Based on Semi-Supervised Learning from Smartphone Touch Data,,./video/366.mp4,./__subtitles/366.srt,https://www.youtube.com/watch?v=WPYZb3SMDgQ,N
367,,,,,,,ICONATE: Automatic Compound Icon Generation and Ideation,,./video/367.mp4,./__subtitles/367.srt,https://www.youtube.com/watch?v=S3UntFFp7Nw,N
368,,,,,,,Toward the Design of Enjoyable Games for Children with Fetal Alcohol Spectrum Disorder,,./video/368.mp4,./__subtitles/368.srt,https://www.youtube.com/watch?v=WuQMHh4uRAs,N
369,,,,,,,Enhancing Mobile Voice Assistants with WorldGaze,,./video/369.mp4,./__subtitles/369.srt,https://www.youtube.com/watch?v=BtT-0rIzoV4,N
370,,,,,,,DFSeer: A Visual Analytics Approach to Facilitate Model Selection for Demand Forecasting,,./video/370.mp4,./__subtitles/370.srt,https://www.youtube.com/watch?v=wbqfbU9h6Rw,N
371,,,,,,,Opportunities and Challenges in Involving Users in Project-Based HCI Education,,./video/371.mp4,./__subtitles/371.srt,https://www.youtube.com/watch?v=_ddX6Q7E5hQ,N
372,,,,,,,LIFT: Integrating Stakeholder Voices into Algorithmic Team Formation,,./video/372.mp4,./__subtitles/372.srt,https://www.youtube.com/watch?v=jrTipQ06x_o,N
373,,,,,,,An Honest Conversation: Transparently Combining Machine and Human Speech Assistance in Public Spaces,,./video/373.mp4,./__subtitles/373.srt,https://www.youtube.com/watch?v=ieS7pJnBXjU,N
374,,,,,,,"Crafting, Communality, and Computing: Building on Existing Strengths To Support a Vulnerable ...",,./video/374.mp4,./__subtitles/374.srt,https://www.youtube.com/watch?v=YZehbetpIhM,N
375,,,,,,,BrainCoDe: Electroencephalography-based Comprehension Detection during Reading and Listening,,./video/375.mp4,./__subtitles/375.srt,https://www.youtube.com/watch?v=_hhPIbpLxWQ,N
376,,,,,,,Approach Matters: Linking Practitioner Approaches to Technology Design for People with Dementia,,./video/376.mp4,./__subtitles/376.srt,https://www.youtube.com/watch?v=40kRVln_2As,N
377,,,,,,,One does not Simply RSVP: Mental Workload to Select Speed Reading Parameters using ...,,./video/377.mp4,./__subtitles/377.srt,https://www.youtube.com/watch?v=yA767OzegIU,N
378,,,,,,,TRACTUS: Understanding and Supporting Source Code Experimentation in Hypothesis-Driven Data Science,,./video/378.mp4,./__subtitles/378.srt,https://www.youtube.com/watch?v=CCMwLeYMewQ,N
379,,,,,,,Self-Interruptions of Non-Driving Related Tasks in Automated Vehicles: Mobile vs Head-Up Display,,./video/379.mp4,./__subtitles/379.srt,https://www.youtube.com/watch?v=X_XUundsLzQ,N
380,,,,,,,A Human Touch: Social Touch Increases the Perceived Human-likeness of Agents in Virtual Reality,,./video/380.mp4,./__subtitles/380.srt,https://www.youtube.com/watch?v=ZYepSRWyevM,N
381,,,,,,,"Awareness, Understanding, and Action: A Conceptual Framework of User Experiences and ...",,./video/381.mp4,./__subtitles/381.srt,https://www.youtube.com/watch?v=xkJ1QBzgC7c,N
382,,,,,,,Clinical Documentation as End-User Programming,,./video/382.mp4,./__subtitles/382.srt,https://www.youtube.com/watch?v=S1ng1aMYxL4,N
383,,,,,,,Data-driven Multi-level Segmentation of Image Editing Logs,,./video/383.mp4,./__subtitles/383.srt,https://www.youtube.com/watch?v=uCMmEcIE4bM,N
384,,,,,,,A Case for Humans-in-the-Loop: Decisions in the Presence of Erroneous Algorithmic Scores,,./video/384.mp4,./__subtitles/384.srt,https://www.youtube.com/watch?v=lqT1Qy0u3ZI,N
385,,,,,,,Introducing Gamettes: A Playful Approach for Capturing Decision-Making for Informing Behavioral ...,,./video/385.mp4,./__subtitles/385.srt,https://www.youtube.com/watch?v=VetI9uf__4w,N
386,,,,,,,The Impact of Displaying Diversity Information on the Formation of Self-assembling Teams,,./video/386.mp4,./__subtitles/386.srt,https://www.youtube.com/watch?v=Zc7hUr19mSI,N
387,,,,,,,FaceHaptics: Robot Arm based Versatile Facial Haptics for Immersive Environments,,./video/387.mp4,./__subtitles/387.srt,https://www.youtube.com/watch?v=as5ZnamLy74,N
388,,,,,,,Live Sketchnoting Across Platforms: Exploring the Potential and Limitations of Analogue and ...,,./video/388.mp4,./__subtitles/388.srt,https://www.youtube.com/watch?v=pUa9B4NhQtc,N
389,,,,,,,MUBS: A Personalized Recommender System for Behavioral Activation in Mental Health,,./video/389.mp4,./__subtitles/389.srt,https://www.youtube.com/watch?v=gNL3VNuOz5s,N
390,,,,,,,The Blockchain and the Commons: Dilemmas in the Design of Local Platforms,,./video/390.mp4,./__subtitles/390.srt,https://www.youtube.com/watch?v=Q5dCvTsqN88,N
391,,,,,,,"""Human, All Too Human"": NOAA Weather Radio and the Emotional Impact of Synthetic Voices",,./video/391.mp4,./__subtitles/391.srt,https://www.youtube.com/watch?v=zWiOp2sDvYw,N
392,,,,,,,Does Context in Privacy Communication Really Matter? — A Survey on Consumer Concerns and Preferences,,./video/392.mp4,./__subtitles/392.srt,https://www.youtube.com/watch?v=wfInIy16gW8,N
393,,,,,,,Towards More Universal Wayfinding Technologies: Navigation Preferences Across Disabilities,,./video/393.mp4,./__subtitles/393.srt,https://www.youtube.com/watch?v=agWyBIZV6L4,N
394,,,,,,,"""We have been magnified for years - Now you are under the microscope!"": Co-researchers with ...",,./video/394.mp4,./__subtitles/394.srt,https://www.youtube.com/watch?v=Fe2cYsV8mko,N
395,,,,,,,StoryMakAR: Bringing Stories to Life With An Augmented Reality & Physical Prototyping Toolkit ...,,./video/395.mp4,./__subtitles/395.srt,https://www.youtube.com/watch?v=KcICyGweeB0,N
396,,,,,,,How Domain Experts Create Conceptual Diagrams and Implications for Tool Design,,./video/396.mp4,./__subtitles/396.srt,https://www.youtube.com/watch?v=O60RuV2gBMk,N
397,,,,,,,Let's Draw: Detecting and Measuring Parkinson's Disease on Smartphones,,./video/397.mp4,./__subtitles/397.srt,https://www.youtube.com/watch?v=0c5H51fA-Dk,N
398,,,,,,,Transforming Robot Programs Based on Social Context,,./video/398.mp4,./__subtitles/398.srt,https://www.youtube.com/watch?v=3uI1j4QEc44,N
399,,,,,,,Supporting Visual Artists in Programming through Direct Inspection and Control of Program Execution,,./video/399.mp4,./__subtitles/399.srt,https://www.youtube.com/watch?v=zP-8H22qCWY,N
400,,,,,,,Cheat Sheets for Data Visualization Techniques,,./video/400.mp4,./__subtitles/400.srt,https://www.youtube.com/watch?v=LCvsXpyY0vs,N
401,,,,,,,Is This An Ad?: Automatically Disclosing Online Endorsements On YouTube With AdIntuition,,./video/401.mp4,./__subtitles/401.srt,https://www.youtube.com/watch?v=meeXlkKX3o4,N
402,,,,,,,Bureaucracy as a Lens for Analyzing and Designing Algorithmic Systems,,./video/402.mp4,./__subtitles/402.srt,https://www.youtube.com/watch?v=9yZ94ofNOPg,N
403,,,,,,,SleepBandits: Guided Flexible Self-Experiments for Sleep,,./video/403.mp4,./__subtitles/403.srt,https://www.youtube.com/watch?v=CK5fzpwsg5I,N
404,,,,,,,Officers Never Type: Examining the Persistence of Paper in e-Governance,,./video/404.mp4,./__subtitles/404.srt,https://www.youtube.com/watch?v=uzue2sCcmw8,N
405,,,,,,,ThermalRing: Gesture and Tag Inputs Enabled by a Thermal Imaging Smart Ring,,./video/405.mp4,./__subtitles/405.srt,https://www.youtube.com/watch?v=1dF08kR4yqg,N
